"id","title","description","reviews","stars","price","url","image_url","collected_date","source"
"545","Asus VivoBook X441NA-GA190","Asus VivoBook X441NA-GA190 Chocolate Black, 14"", Celeron N3450, 4GB, 128GB SSD, Endless OS, ENG kbd",14,3,295.99,"https://webscraper.io/test-sites/e-commerce/allinone/product/545","https://webscraper.io/images/test-sites/e-commerce/items/cart2.png","2023-01-07 16:50:06.920302","scraping_test_ground"
"546","Prestigio SmartBook 133S Dark Grey","Prestigio SmartBook 133S Dark Grey, 13.3"" FHD IPS, Celeron N3350 1.1GHz, 4GB, 32GB, Windows 10 Pro + Office 365 1 gadam",8,2,299,"https://webscraper.io/test-sites/e-commerce/allinone/product/546","https://webscraper.io/images/test-sites/e-commerce/items/cart2.png","2023-01-07 16:50:06.921456","scraping_test_ground"
"547","Prestigio SmartBook 133S Gold","Prestigio SmartBook 133S Gold, 13.3"" FHD IPS, Celeron N3350 1.1GHz, 4GB, 32GB, Windows 10 Pro + Office 365 1 gadam",12,4,299,"https://webscraper.io/test-sites/e-commerce/allinone/product/547","https://webscraper.io/images/test-sites/e-commerce/items/cart2.png","2023-01-07 16:50:06.922693","scraping_test_ground"
"517","Aspire E1-510","15.6"", Pentium N3520 2.16GHz, 4GB, 500GB, Linux",2,3,306.99,"https://webscraper.io/test-sites/e-commerce/allinone/product/517","https://webscraper.io/images/test-sites/e-commerce/items/cart2.png","2023-01-07 16:50:06.923906","scraping_test_ground"
"548","Lenovo V110-15IAP","Lenovo V110-15IAP, 15.6"" HD, Celeron N3350 1.1GHz, 4GB, 128GB SSD, Windows 10 Home",5,3,321.94,"https://webscraper.io/test-sites/e-commerce/allinone/product/548","https://webscraper.io/images/test-sites/e-commerce/items/cart2.png","2023-01-07 16:50:06.925153","scraping_test_ground"
"549","Lenovo V110-15IAP","Asus VivoBook 15 X540NA-GQ008T Chocolate Black, 15.6"" HD, Pentium N4200, 4GB, 500GB, Windows 10 Home, En kbd",6,2,356.49,"https://webscraper.io/test-sites/e-commerce/allinone/product/549","https://webscraper.io/images/test-sites/e-commerce/items/cart2.png","2023-01-07 16:50:06.926235","scraping_test_ground"
"550","Hewlett Packard 250 G6 Dark Ash Silver","Hewlett Packard 250 G6 Dark Ash Silver, 15.6"" HD, Celeron N3060 1.6GHz, 4GB, 128GB SSD, DOS",12,1,364.46,"https://webscraper.io/test-sites/e-commerce/allinone/product/550","https://webscraper.io/images/test-sites/e-commerce/items/cart2.png","2023-01-07 16:50:06.927342","scraping_test_ground"
"551","Acer Aspire 3 A315-31 Black","Acer Aspire 3 A315-31 Black, 15.6"" HD, Celeron N3350 1.1GHz, 4GB, 128GB SSD, Windows 10 Home",2,2,372.7,"https://webscraper.io/test-sites/e-commerce/allinone/product/551","https://webscraper.io/images/test-sites/e-commerce/items/cart2.png","2023-01-07 16:50:06.928089","scraping_test_ground"
"552","Acer Aspire A315-31-C33J","Acer Aspire A315-31-C33J Black 15.6"", HD, Celeron N3350, 4GB DDR3L, 128GB, Windows 10 Home, ENG",0,2,379.94,"https://webscraper.io/test-sites/e-commerce/allinone/product/552","https://webscraper.io/images/test-sites/e-commerce/items/cart2.png","2023-01-07 16:50:06.928678","scraping_test_ground"
"553","Acer Aspire ES1-572 Black","Acer Aspire ES1-572 Black, 15.6"" HD, Core i3-6006U, 4GB, 128GB SSD, Linux",9,4,379.95,"https://webscraper.io/test-sites/e-commerce/allinone/product/553","https://webscraper.io/images/test-sites/e-commerce/items/cart2.png","2023-01-07 16:50:06.929368","scraping_test_ground"
"554","Acer Aspire 3 A315-31 Black","Acer Aspire 3 A315-31 Black, 15.6"" HD, Pentium N4200 1.1GHz, 4GB, 128GB SSD, Windows 10 Home",10,4,391.48,"https://webscraper.io/test-sites/e-commerce/allinone/product/554","https://webscraper.io/images/test-sites/e-commerce/items/cart2.png","2023-01-07 16:50:06.929990","scraping_test_ground"
"555","Acer Aspire 3 A315-21","Acer Aspire 3 A315-21, 15.6"", AMD A4-9120. 4GB. 128GB SSD, Linux",9,3,393.88,"https://webscraper.io/test-sites/e-commerce/allinone/product/555","https://webscraper.io/images/test-sites/e-commerce/items/cart2.png","2023-01-07 16:50:06.930584","scraping_test_ground"
"530","Asus VivoBook Max","Asus VivoBook Max X541NA-GQ041 Black Chocolate, 15.6"" HD, Pentium N4200 1.1GHz, 4GB, 500GB, Windows 10 Home",4,1,399,"https://webscraper.io/test-sites/e-commerce/allinone/product/530","https://webscraper.io/images/test-sites/e-commerce/items/cart2.png","2023-01-07 16:50:06.931139","scraping_test_ground"
"556","Asus VivoBook E502NA-GO022T Dark Blue","Asus VivoBook E502NA-GO022T Dark Blue, 15.6"" HD, Pentium N4200 1.1GHz, 4GB, 128GB SSD, Windows 10 Home, En/Ru kbd",3,4,399.99,"https://webscraper.io/test-sites/e-commerce/allinone/product/556","https://webscraper.io/images/test-sites/e-commerce/items/cart2.png","2023-01-07 16:50:06.931786","scraping_test_ground"
"557","Lenovo ThinkPad E31-80","Lenovo ThinkPad E31-80, 13.3"" HD, Celeron 3855U 1.6GHz, 4GB, 128GB SSD, Windows 10 Home",12,1,404.23,"https://webscraper.io/test-sites/e-commerce/allinone/product/557","https://webscraper.io/images/test-sites/e-commerce/items/cart2.png","2023-01-07 16:50:06.932363","scraping_test_ground"
"558","Acer Aspire 3 A315-31 Black","Acer Aspire 3 A315-31 Black, 15.6"" HD, Pentium N4200 1.1GHz, 4GB, 128GB SSD, Windows 10 Home",10,4,408.98,"https://webscraper.io/test-sites/e-commerce/allinone/product/558","https://webscraper.io/images/test-sites/e-commerce/items/cart2.png","2023-01-07 16:50:06.933056","scraping_test_ground"
"559","Lenovo V110-15ISK","Lenovo V110-15ISK, 15.6"" HD, Core i3-6006U, 8GB, 128GB SSD, Windows 10 Home",9,3,409.63,"https://webscraper.io/test-sites/e-commerce/allinone/product/559","https://webscraper.io/images/test-sites/e-commerce/items/cart2.png","2023-01-07 16:50:06.933654","scraping_test_ground"
"560","Acer Aspire ES1-732 Black","Acer Aspire ES1-732 Black, 17.3"" HD+, Celeron, N3350, 4GB, 1TB, Windows 10 Home",14,4,410.46,"https://webscraper.io/test-sites/e-commerce/allinone/product/560","https://webscraper.io/images/test-sites/e-commerce/items/cart2.png","2023-01-07 16:50:06.934273","scraping_test_ground"
"561","Asus VivoBook 15 X540NA-GQ026T","Asus VivoBook 15 X540NA-GQ026T Chocolate Black, 15.6"" HD, Pentium N4200, 4GB, 128GB SSD, Windows 10 Home, En/Ru kbd",4,4,410.66,"https://webscraper.io/test-sites/e-commerce/allinone/product/561","https://webscraper.io/images/test-sites/e-commerce/items/cart2.png","2023-01-07 16:50:06.934895","scraping_test_ground"
"516","Packard 255 G2","15.6"", AMD E2-3800 1.3GHz, 4GB, 500GB, Windows 8.1",2,2,416.99,"https://webscraper.io/test-sites/e-commerce/allinone/product/516","https://webscraper.io/images/test-sites/e-commerce/items/cart2.png","2023-01-07 16:50:06.935463","scraping_test_ground"
"562","Asus EeeBook R416NA-FA014T","Asus EeeBook R416NA-FA014T, 14"" FHD, Pentium N4200, 4GB, 128GB eMMC, Windows 10 Home, Eng kbd",1,1,433.3,"https://webscraper.io/test-sites/e-commerce/allinone/product/562","https://webscraper.io/images/test-sites/e-commerce/items/cart2.png","2023-01-07 16:50:06.936069","scraping_test_ground"
"563","Acer Aspire 3 A315-51","Acer Aspire 3 A315-51, 15.6"" HD, Core i3-6006U, 4GB, 1TB, Windows 10 Home",1,1,436.29,"https://webscraper.io/test-sites/e-commerce/allinone/product/563","https://webscraper.io/images/test-sites/e-commerce/items/cart2.png","2023-01-07 16:50:06.936614","scraping_test_ground"
"564","Acer Aspire ES1-572 Black","Acer Aspire ES1-572 Black, 15.6"" HD, Core i3-6006U, 4GB, 500GB, Windows 10 Home",2,1,436.29,"https://webscraper.io/test-sites/e-commerce/allinone/product/564","https://webscraper.io/images/test-sites/e-commerce/items/cart2.png","2023-01-07 16:50:06.937154","scraping_test_ground"
"565","Acer Extensa 15 (2540) Black","Acer Extensa 15 (2540) Black, 15.6"" HD, Core i5-7200U, 4GB, 500GB, Linux",6,4,439.73,"https://webscraper.io/test-sites/e-commerce/allinone/product/565","https://webscraper.io/images/test-sites/e-commerce/items/cart2.png","2023-01-07 16:50:06.937804","scraping_test_ground"
"566","Acer Aspire ES1-572 Black","Acer Aspire ES1-572 Black, 15.6"" HD, Core i5-7200U, 4GB, 500GB, Linux",9,1,454.62,"https://webscraper.io/test-sites/e-commerce/allinone/product/566","https://webscraper.io/images/test-sites/e-commerce/items/cart2.png","2023-01-07 16:50:06.938354","scraping_test_ground"
"567","Lenovo V110-15ISK","Lenovo V110-15ISK, 15.6"" HD, Core i3-6006U, 4GB, 128GB SSD, Windows 10 Pro",2,2,454.73,"https://webscraper.io/test-sites/e-commerce/allinone/product/567","https://webscraper.io/images/test-sites/e-commerce/items/cart2.png","2023-01-07 16:50:06.938957","scraping_test_ground"
"568","Acer Aspire A315-51-33TG","Acer Aspire A315-51-33TG, Black 15.6"" HD, Core i3-7100U, 4GB DDR4, 128GB SSD, Windows 10 Home, ENG",9,3,457.38,"https://webscraper.io/test-sites/e-commerce/allinone/product/568","https://webscraper.io/images/test-sites/e-commerce/items/cart2.png","2023-01-07 16:50:06.939651","scraping_test_ground"
"569","Lenovo V110-15IKB","Lenovo V110-15IKB, 15.6"" HD, Core i5-7200U, 4GB, 500GB, DOS",7,1,465.95,"https://webscraper.io/test-sites/e-commerce/allinone/product/569","https://webscraper.io/images/test-sites/e-commerce/items/cart2.png","2023-01-07 16:50:06.940218","scraping_test_ground"
"570","Asus VivoBook 15 X540UA-DM260 Chocolate Black","Asus VivoBook 15 X540UA-DM260 Chocolate Black, 15.6"" FHD, Core i3-6006U, 4GB, 256GB SSD, Endless OS, En kbd",1,3,468.56,"https://webscraper.io/test-sites/e-commerce/allinone/product/570","https://webscraper.io/images/test-sites/e-commerce/items/cart2.png","2023-01-07 16:50:06.940822","scraping_test_ground"
"571","Acer Aspire ES1-572 Black","Acer Aspire ES1-572 Black, 15.6"" HD, Core i3-6006U, 4GB, 128GB SSD, Windows 10 Home",5,3,469.1,"https://webscraper.io/test-sites/e-commerce/allinone/product/571","https://webscraper.io/images/test-sites/e-commerce/items/cart2.png","2023-01-07 16:50:06.941420","scraping_test_ground"
"572","Lenovo V510 Black","Lenovo V510 Black, 14"" HD, Core i3-6006U, 4GB, 128GB SSD, Windows 10 Home",8,3,484.23,"https://webscraper.io/test-sites/e-commerce/allinone/product/572","https://webscraper.io/images/test-sites/e-commerce/items/cart2.png","2023-01-07 16:50:06.942029","scraping_test_ground"
"573","Acer Aspire ES1-572 Black","Acer Aspire ES1-572 Black, 15.6"" HD, Core i5-7200U, 4GB, 128GB SSD, Linux",6,3,485.9,"https://webscraper.io/test-sites/e-commerce/allinone/product/573","https://webscraper.io/images/test-sites/e-commerce/items/cart2.png","2023-01-07 16:50:06.942640","scraping_test_ground"
"574","Lenovo V510 Black","Lenovo V510 Black, 15.6"" HD, Core i3-6006U, 4GB, 128GB SSD, Windows 10 Home",9,2,487.8,"https://webscraper.io/test-sites/e-commerce/allinone/product/574","https://webscraper.io/images/test-sites/e-commerce/items/cart2.png","2023-01-07 16:50:06.943295","scraping_test_ground"
"575","Acer Swift 1 SF113-31 Silver","Acer Swift 1 SF113-31 Silver, 13.3"" FHD, Pentium N4200, 4GB, 128GB SSD, Windows 10 Home",4,3,488.64,"https://webscraper.io/test-sites/e-commerce/allinone/product/575","https://webscraper.io/images/test-sites/e-commerce/items/cart2.png","2023-01-07 16:50:06.943933","scraping_test_ground"
"531","Dell Vostro 15","Dell Vostro 15 (3568) Black, 15.6"" FHD, Core i5-7200U, 4GB, 128GB SSD, Radeon R5 M420 2GB, Linux",14,4,488.78,"https://webscraper.io/test-sites/e-commerce/allinone/product/531","https://webscraper.io/images/test-sites/e-commerce/items/cart2.png","2023-01-07 16:50:06.944553","scraping_test_ground"
"576","Acer Aspire 3 A315-51 Black","Acer Aspire 3 A315-51 Black, 15.6"" FHD, Core i3-7100U, 4GB, 500GB + 128GB SSD, Windows 10 Home",2,4,494.71,"https://webscraper.io/test-sites/e-commerce/allinone/product/576","https://webscraper.io/images/test-sites/e-commerce/items/cart2.png","2023-01-07 16:50:06.945188","scraping_test_ground"
"577","Dell Vostro 15 (3568) Red","Dell Vostro 15 (3568) Red, 15.6"" HD, Core i5-7200U, 4GB, 1TB, Radeon R5 M420 2GB, Linux",9,1,497.17,"https://webscraper.io/test-sites/e-commerce/allinone/product/577","https://webscraper.io/images/test-sites/e-commerce/items/cart2.png","2023-01-07 16:50:06.945736","scraping_test_ground"
"578","Lenovo V510 Black","Lenovo V510 Black, 15.6"" FHD, Core i3-7100U, 4GB, 128GB SSD, Windows 10 Pro",5,3,498.23,"https://webscraper.io/test-sites/e-commerce/allinone/product/578","https://webscraper.io/images/test-sites/e-commerce/items/cart2.png","2023-01-07 16:50:06.946408","scraping_test_ground"
"527","HP 250 G3","15.6"", CoreÂ i5-4210U, 4GB, 500GB, Windows 8.1",13,2,520.99,"https://webscraper.io/test-sites/e-commerce/allinone/product/527","https://webscraper.io/images/test-sites/e-commerce/items/cart2.png","2023-01-07 16:50:06.946983","scraping_test_ground"
"532","Acer Spin 5","Acer Spin 5 SP513-51 Black, 13.3"" FHD Touch, Core i3-7100U, 4GB, 128GB SSD, Windows 10 Home",0,2,564.98,"https://webscraper.io/test-sites/e-commerce/allinone/product/532","https://webscraper.io/images/test-sites/e-commerce/items/cart2.png","2023-01-07 16:50:06.947587","scraping_test_ground"
"529","HP 350 G1","15.6"", Core i5-4200U, 4GB, 750GB, Radeon HD8670M 2GB, Windows",10,2,577.99,"https://webscraper.io/test-sites/e-commerce/allinone/product/529","https://webscraper.io/images/test-sites/e-commerce/items/cart2.png","2023-01-07 16:50:06.948189","scraping_test_ground"
"521","Aspire E1-572G","15.6"", Core i5-4200U, 8GB, 1TB, Radeon R7 M265, Windows 8.1",2,1,581.99,"https://webscraper.io/test-sites/e-commerce/allinone/product/521","https://webscraper.io/images/test-sites/e-commerce/items/cart2.png","2023-01-07 16:50:06.948746","scraping_test_ground"
"523","Pavilion","15.6"", Core i5-4200U, 6GB, 750GB, Windows 8.1",4,1,609.99,"https://webscraper.io/test-sites/e-commerce/allinone/product/523","https://webscraper.io/images/test-sites/e-commerce/items/cart2.png","2023-01-07 16:50:06.949296","scraping_test_ground"
"533","Acer Aspire A515-51-5654","Acer Aspire A515-51-5654, Black, 15.6"", FHD, Core i5-8250U, 8GB DDR4, 256GB SSD, Windows 10 Home, ENG",9,2,679,"https://webscraper.io/test-sites/e-commerce/allinone/product/533","https://webscraper.io/images/test-sites/e-commerce/items/cart2.png","2023-01-07 16:50:06.949952","scraping_test_ground"
"534","Dell Inspiron 15","Dell Inspiron 15 (5567) Fog Gray, 15.6"" FHD, Core i5-7200U, 8GB, 1TB, Radeon R7 M445 4GB, Linux",7,2,679,"https://webscraper.io/test-sites/e-commerce/allinone/product/534","https://webscraper.io/images/test-sites/e-commerce/items/cart2.png","2023-01-07 16:50:06.950527","scraping_test_ground"
"535","Asus VivoBook S14","Asus VivoBook S14 (S406UA-BV041T) Starry Grey, 14"", Core i5-8250U, 8GB, 256GB SSD, Windows 10 Home, Eng kbd",2,1,729,"https://webscraper.io/test-sites/e-commerce/allinone/product/535","https://webscraper.io/images/test-sites/e-commerce/items/cart2.png","2023-01-07 16:50:06.951092","scraping_test_ground"
"519","ProBook","14"", Core i5 2.6GHz, 4GB, 500GB, Win7 Pro 64bit",8,4,739.99,"https://webscraper.io/test-sites/e-commerce/allinone/product/519","https://webscraper.io/images/test-sites/e-commerce/items/cart2.png","2023-01-07 16:50:06.951741","scraping_test_ground"
"524","Inspiron 15","Moon Silver, 15.6"", Core i7-4510U, 8GB, 1TB, Radeon HD R7 M265 2GB,",12,3,745.99,"https://webscraper.io/test-sites/e-commerce/allinone/product/524","https://webscraper.io/images/test-sites/e-commerce/items/cart2.png","2023-01-07 16:50:06.952350","scraping_test_ground"
"536","Asus ROG STRIX GL553VD-DM256","Asus ROG STRIX GL553VD-DM256, 15.6"" FHD, Core i5-7300HQ, 8GB, 1TB, GeForce GTX 1050 2GB, No OS",7,2,799,"https://webscraper.io/test-sites/e-commerce/allinone/product/536","https://webscraper.io/images/test-sites/e-commerce/items/cart2.png","2023-01-07 16:50:06.952926","scraping_test_ground"
"537","Acer Nitro 5 AN515-51","Acer Nitro 5 AN515-51, 15.6"" FHD IPS, Core i5-7300HQ, 8GB, 1TB, GeForce GTX 1050 2GB, Windows 10 Home",0,1,809,"https://webscraper.io/test-sites/e-commerce/allinone/product/537","https://webscraper.io/images/test-sites/e-commerce/items/cart2.png","2023-01-07 16:50:06.953532","scraping_test_ground"
"538","Asus ROG STRIX GL553VD-DM256","Asus ROG STRIX GL553VD-DM256, 15.6"" FHD, Core i5-7300HQ, 8GB, 1TB, GeForce GTX 1050 2GB, No OS + Windows 10 Home",7,1,899,"https://webscraper.io/test-sites/e-commerce/allinone/product/538","https://webscraper.io/images/test-sites/e-commerce/items/cart2.png","2023-01-07 16:50:06.954069","scraping_test_ground"
"539","Lenovo ThinkPad L570","Lenovo ThinkPad L570, 15.6"" FHD, Core i7-7500U, 8GB, 256GB SSD, Windows 10 Pro",11,3,999,"https://webscraper.io/test-sites/e-commerce/allinone/product/539","https://webscraper.io/images/test-sites/e-commerce/items/cart2.png","2023-01-07 16:50:06.954660","scraping_test_ground"
"522","ThinkPad Yoga","12.5"" Touch, Core i3-4010U, 4GB, 500GB + 16GB SSD Cache,",13,2,1033.99,"https://webscraper.io/test-sites/e-commerce/allinone/product/522","https://webscraper.io/images/test-sites/e-commerce/items/cart2.png","2023-01-07 16:50:06.955239","scraping_test_ground"
"579","Lenovo ThinkPad L460","Lenovo ThinkPad L460, 14"" FHD IPS, Core i7-6600U, 8GB, 256GB SSD, Windows 10 Pro",14,4,1096.02,"https://webscraper.io/test-sites/e-commerce/allinone/product/579","https://webscraper.io/images/test-sites/e-commerce/items/cart2.png","2023-01-07 16:50:06.955883","scraping_test_ground"
"580","Dell Inspiron 15 (7567) Black","Dell Inspiron 15 (7567) Black, 15.6"" FHD, Core i5-7300HQ, 8GB, 256GB SSD, GeForce GTX 1050 4GB, Windows 10 Home",7,1,1098.42,"https://webscraper.io/test-sites/e-commerce/allinone/product/580","https://webscraper.io/images/test-sites/e-commerce/items/cart2.png","2023-01-07 16:50:06.956429","scraping_test_ground"
"581","MSI GL72M 7RDX","MSI GL72M 7RDX, 17.3"" FHD, Core i5-7300HQ, 8GB, 1TB + 128GB SSD, GeForce GTX 1050 2GB, Windows 10 Home",1,4,1099,"https://webscraper.io/test-sites/e-commerce/allinone/product/581","https://webscraper.io/images/test-sites/e-commerce/items/cart2.png","2023-01-07 16:50:06.957128","scraping_test_ground"
"582","MSI GL72M 7RDX","Asus ROG Strix GL553VD-DM535T, 15.6"" FHD, Core i7-7700HQ, 8GB, 1TB + 128GB SSD, GeForce GTX 1050 2GB, Windows 10 Home, Eng kbd",9,1,1099,"https://webscraper.io/test-sites/e-commerce/allinone/product/582","https://webscraper.io/images/test-sites/e-commerce/items/cart2.png","2023-01-07 16:50:06.957671","scraping_test_ground"
"583","Asus ROG Strix GL553VD-DM535T","Apple MacBook Air 13.3"", Core i5 1.8GHz, 8GB, 128GB SSD, Intel HD 4000, RUS",4,2,1101.83,"https://webscraper.io/test-sites/e-commerce/allinone/product/583","https://webscraper.io/images/test-sites/e-commerce/items/cart2.png","2023-01-07 16:50:06.958241","scraping_test_ground"
"584","Dell Latitude 5280","Dell Latitude 5280, 12.5"" HD, Core i5-7300U, 8GB, 256GB SSD, Windows 10 Pro",8,1,1102.66,"https://webscraper.io/test-sites/e-commerce/allinone/product/584","https://webscraper.io/images/test-sites/e-commerce/items/cart2.png","2023-01-07 16:50:06.958819","scraping_test_ground"
"585","Dell Latitude 5480","Dell Latitude 5480, 14"" FHD, Core i5-7300U, 8GB, 500GB, Linux + Windows 10 Home",4,3,1110.14,"https://webscraper.io/test-sites/e-commerce/allinone/product/585","https://webscraper.io/images/test-sites/e-commerce/items/cart2.png","2023-01-07 16:50:06.959419","scraping_test_ground"
"586","Lenovo Legion Y520-15IKBM","Lenovo Legion Y520-15IKBM, Black, 15.6"" FHD IPS, Core i5-7300HQ, 8 GB, 128GB SSD + 2 TB HDD, NVIDIA GeForce GTX 1060 6 GB, FreeDOS + Windows 10 Home",1,4,1112.91,"https://webscraper.io/test-sites/e-commerce/allinone/product/586","https://webscraper.io/images/test-sites/e-commerce/items/cart2.png","2023-01-07 16:50:06.960268","scraping_test_ground"
"587","Toshiba Portege Z30-C-16J Grey","Toshiba Portege Z30-C-16J Grey, 13.3"" FHD, Core i5-6200U, 8GB, 256GB SSD, Windows 10 Pro",0,1,1114.55,"https://webscraper.io/test-sites/e-commerce/allinone/product/587","https://webscraper.io/images/test-sites/e-commerce/items/cart2.png","2023-01-07 16:50:06.960807","scraping_test_ground"
"588","Acer Predator Helios 300 (PH317-51)","Acer Predator Helios 300 (PH317-51), 17.3"" FHD IPS, Core i5-7300HQ, 8GB, 1TB + 128GB SSD, GeForce GTX 1050Ti 4GB, Windows 10 Home",1,2,1123.87,"https://webscraper.io/test-sites/e-commerce/allinone/product/588","https://webscraper.io/images/test-sites/e-commerce/items/cart2.png","2023-01-07 16:50:06.961385","scraping_test_ground"
"589","Acer Aspire 7 A715-71G","Acer Aspire 7 A715-71G, 15.6"" FHD IPS, Core i7-7700HQ, 8GB, 128GB SSD + 1TB HDD, GTX 1050 Ti 4GB, Windows 10 Home",4,2,1123.87,"https://webscraper.io/test-sites/e-commerce/allinone/product/589","https://webscraper.io/images/test-sites/e-commerce/items/cart2.png","2023-01-07 16:50:06.961952","scraping_test_ground"
"590","Dell Inspiron 17 2in1 (7779) Silver","Dell Inspiron 17 2in1 (7779) Silver, 17.3"" FHD Touch, Core i5-7200U, 12GB, 1TB, GeForce GT940MX 2GB, Windows 10 Home",10,3,1124.2,"https://webscraper.io/test-sites/e-commerce/allinone/product/590","https://webscraper.io/images/test-sites/e-commerce/items/cart2.png","2023-01-07 16:50:06.962543","scraping_test_ground"
"591","Dell Latitude 5480","Dell Latitude 5480, 14"" FHD, Core i5-7300U, 8GB, 500GB, Windows 10 Pro",14,4,1133.82,"https://webscraper.io/test-sites/e-commerce/allinone/product/591","https://webscraper.io/images/test-sites/e-commerce/items/cart2.png","2023-01-07 16:50:06.963183","scraping_test_ground"
"592","Lenovo Legion Y520","Lenovo Legion Y520, 15.6"" FHD, Core i7-7700HQ, 8GB, 128 GB SSD + 1TB HDD, GTX 1050 4GB, Windows 10 Home",13,1,1133.91,"https://webscraper.io/test-sites/e-commerce/allinone/product/592","https://webscraper.io/images/test-sites/e-commerce/items/cart2.png","2023-01-07 16:50:06.963796","scraping_test_ground"
"593","Asus AsusPro Advanced BU401LA-FA271G Dark Grey","Asus AsusPro Advanced BU401LA-FA271G Dark Grey, 14"", Core i5-4210U, 4GB, 128GB SSD, Win7 Pro 64bit, ENG",7,3,1139.54,"https://webscraper.io/test-sites/e-commerce/allinone/product/593","https://webscraper.io/images/test-sites/e-commerce/items/cart2.png","2023-01-07 16:50:06.964384","scraping_test_ground"
"594","Acer Nitro 5 AN515-51","Acer Nitro 5 AN515-51, 15.6"" FHD IPS, Core i7-7700HQ, 8GB, 256GB SSD +1TB, GeForce GTX 1050 Ti 4GB, Windows 10 Home + Windows 10 Home",14,3,1140.62,"https://webscraper.io/test-sites/e-commerce/allinone/product/594","https://webscraper.io/images/test-sites/e-commerce/items/cart2.png","2023-01-07 16:50:06.964974","scraping_test_ground"
"595","Dell Latitude 5480","Dell Latitude 5480, 14"" FHD, Core i5-7440HQ, 8GB, 256GB SSD, Windows 10 Pro",5,4,1143.4,"https://webscraper.io/test-sites/e-commerce/allinone/product/595","https://webscraper.io/images/test-sites/e-commerce/items/cart2.png","2023-01-07 16:50:06.965605","scraping_test_ground"
"596","Dell Inspiron 15 (7567) Black","Dell Inspiron 15 (7567) Black, 15.6"" FHD, Core i7-7700HQ, 8GB, 1TB, GeForce GTX 1050 Ti 4GB, Linux + Windows 10 Home",2,1,1144.2,"https://webscraper.io/test-sites/e-commerce/allinone/product/596","https://webscraper.io/images/test-sites/e-commerce/items/cart2.png","2023-01-07 16:50:06.966152","scraping_test_ground"
"597","Dell Latitude 5580","Dell Latitude 5580, 15.6"" FHD, Core i5-7300U, 8GB, 256GB SSD, Windows 10 Pro",10,3,1144.4,"https://webscraper.io/test-sites/e-commerce/allinone/product/597","https://webscraper.io/images/test-sites/e-commerce/items/cart2.png","2023-01-07 16:50:06.966742","scraping_test_ground"
"540","Lenovo Legion Y520-15IKBM","Lenovo Legion Y520-15IKBM, 15.6"" FHD IPS, Core i7-7700HQ, 8GB, 128GB SSD + 1TB, GeForce GTX 1060 Max-Q 6GB, DOS",11,3,1149,"https://webscraper.io/test-sites/e-commerce/allinone/product/540","https://webscraper.io/images/test-sites/e-commerce/items/cart2.png","2023-01-07 16:50:06.967410","scraping_test_ground"
"598","MSI GP62M 7RDX Leopard","MSI GP62M 7RDX Leopard, 15.6"" FHD, Core i7-7700HQ, 8GB, 1TB + 128GB SSD, GeForce GTX 1050 2GB, Windows 10 Home",11,1,1149,"https://webscraper.io/test-sites/e-commerce/allinone/product/598","https://webscraper.io/images/test-sites/e-commerce/items/cart2.png","2023-01-07 16:50:06.967968","scraping_test_ground"
"599","Lenovo Yoga 720 Grey","Lenovo Yoga 720 Grey, 15.6"" FHD IPS, Core i5-7300HQ, 8GB, 256GB SSD, GeForce GTX 1050 2GB, Windows 10 Home",12,2,1149.73,"https://webscraper.io/test-sites/e-commerce/allinone/product/599","https://webscraper.io/images/test-sites/e-commerce/items/cart2.png","2023-01-07 16:50:06.968541","scraping_test_ground"
"600","Toshiba Portege Z30-C-16L Grey","Toshiba Portege Z30-C-16L Grey, 13.3"" FHD, Core i7-6500U, 8GB, 256GB SSD, Windows 10 Pro",7,1,1154.04,"https://webscraper.io/test-sites/e-commerce/allinone/product/600","https://webscraper.io/images/test-sites/e-commerce/items/cart2.png","2023-01-07 16:50:06.969084","scraping_test_ground"
"601","Acer TravelMate P645-S-511A Black","Acer TravelMate P645-S-511A Black, 14"" FHD IPS, Core i5-5200U, 8GB, 256GB SSD, 3G, Windows 10 Pro",0,1,1170.1,"https://webscraper.io/test-sites/e-commerce/allinone/product/601","https://webscraper.io/images/test-sites/e-commerce/items/cart2.png","2023-01-07 16:50:06.969631","scraping_test_ground"
"602","Dell Latitude 5580","Dell Latitude 5580, 15.6"" FHD, Core i5-7300U, 16GB, 256GB SSD, Linux + Windows 10 Home",6,3,1178.19,"https://webscraper.io/test-sites/e-commerce/allinone/product/602","https://webscraper.io/images/test-sites/e-commerce/items/cart2.png","2023-01-07 16:50:06.970280","scraping_test_ground"
"518","ThinkPad T540p","15.6"", Core i5-4200M, 4GB, 500GB, Win7 Pro 64bit",2,1,1178.99,"https://webscraper.io/test-sites/e-commerce/allinone/product/518","https://webscraper.io/images/test-sites/e-commerce/items/cart2.png","2023-01-07 16:50:06.970833","scraping_test_ground"
"603","MSI GS63 7RD Stealth","MSI GS63 7RD Stealth, 15.6"" FHD IPS, Core i7-7700HQ, 8GB, 256GB SSD, GeForce GTX 1050 2GB, DOS + Windows 10 Home",2,1,1179,"https://webscraper.io/test-sites/e-commerce/allinone/product/603","https://webscraper.io/images/test-sites/e-commerce/items/cart2.png","2023-01-07 16:50:06.971382","scraping_test_ground"
"604","Dell Latitude 5480","Dell Latitude 5480, 14"" FHD, Core i5-7300U, 8GB, 256GB SSD, Windows 10 Pro",5,3,1187.88,"https://webscraper.io/test-sites/e-commerce/allinone/product/604","https://webscraper.io/images/test-sites/e-commerce/items/cart2.png","2023-01-07 16:50:06.972003","scraping_test_ground"
"605","Acer Predator Helios 300 (PH317-51)","Acer Predator Helios 300 (PH317-51), 17.3"" FHD IPS, Core i7-7700HQ. 8GB, 128GB SSD +1TB, GeForce GTX 1050Ti 4GB, Linux + Windows 10 Home",14,3,1187.98,"https://webscraper.io/test-sites/e-commerce/allinone/product/605","https://webscraper.io/images/test-sites/e-commerce/items/cart2.png","2023-01-07 16:50:06.972610","scraping_test_ground"
"606","MSI GL62M 7REX","MSI GL62M 7REX, 15.6"" FHD, Core i7-7700HQ, 8GB, 1TB + 128GB SSD, GeForce GTX 1050 Ti 2GB, Windows 10 Home",7,1,1199,"https://webscraper.io/test-sites/e-commerce/allinone/product/606","https://webscraper.io/images/test-sites/e-commerce/items/cart2.png","2023-01-07 16:50:06.973147","scraping_test_ground"
"607","MSI GL62M 7REX2","MSI GL62M 7REX2, 15.6"" FHD, Core i7-7700HQ, 8GB, 1TB + 128GB SSD, GeForce GTX 1050 Ti 2GB, Windows 10 Home",12,2,1199,"https://webscraper.io/test-sites/e-commerce/allinone/product/607","https://webscraper.io/images/test-sites/e-commerce/items/cart2.png","2023-01-07 16:50:06.973780","scraping_test_ground"
"608","Lenovo Yoga 910 Grey","Lenovo Yoga 910 Grey, 13.9"" FHD Touch, Core i5-7200U, 8GB, 256GB SSD, Windows 10 Home",7,3,1199.73,"https://webscraper.io/test-sites/e-commerce/allinone/product/608","https://webscraper.io/images/test-sites/e-commerce/items/cart2.png","2023-01-07 16:50:06.974375","scraping_test_ground"
"609","Toshiba Portege X30-D-10J Black/Blue","Toshiba Portege X30-D-10J Black/Blue, 13.3"" FHD IPS, Core i5-7200U, 8GB, 256GB SSD, Windows 10 Pro",13,4,1203.41,"https://webscraper.io/test-sites/e-commerce/allinone/product/609","https://webscraper.io/images/test-sites/e-commerce/items/cart2.png","2023-01-07 16:50:06.975042","scraping_test_ground"
"610","Lenovo IdeaPad Miix 510 Platinum Silver","Lenovo IdeaPad Miix 510 Platinum Silver, 12.2"" IPS Touch, Core i5-7200U, 8GB, 256GB SSD, 4G, Windows 10 Pro",0,4,1212.16,"https://webscraper.io/test-sites/e-commerce/allinone/product/610","https://webscraper.io/images/test-sites/e-commerce/items/cart2.png","2023-01-07 16:50:06.975696","scraping_test_ground"
"611","Acer Predator Helios 300 (PH317-51)","Acer Predator Helios 300 (PH317-51), 17.3"" FHD IPS, Core i7-7700HQ, 8GB, 1TB + 128GB SSD, GeForce GTX 1050 Ti 4GB, Windows 10 Home",9,1,1221.58,"https://webscraper.io/test-sites/e-commerce/allinone/product/611","https://webscraper.io/images/test-sites/e-commerce/items/cart2.png","2023-01-07 16:50:06.976249","scraping_test_ground"
"528","ThinkPad Yoga","12.5"" Touch, Core i5 4200U, 8GB, 500GB + 16GB SSD Cache, Windows",2,3,1223.99,"https://webscraper.io/test-sites/e-commerce/allinone/product/528","https://webscraper.io/images/test-sites/e-commerce/items/cart2.png","2023-01-07 16:50:06.976834","scraping_test_ground"
"612","Asus VivoBook Pro 15 N580VN-FI006T Gold Metal","Asus VivoBook Pro 15 N580VN-FI006T Gold Metal, 15.6"" UHD, Core i7-7700HQ, 16GB, 1TB + 256GB SSD, GeForce MX150 2GB, Windows 10 Home, Eng kbd",10,2,1235.49,"https://webscraper.io/test-sites/e-commerce/allinone/product/612","https://webscraper.io/images/test-sites/e-commerce/items/cart2.png","2023-01-07 16:50:06.977460","scraping_test_ground"
"613","Dell Latitude 5480","Dell Latitude 5480, 14"" FHD, Core i7-7600U, 8GB, 256GB SSD, Linux",0,2,1238.37,"https://webscraper.io/test-sites/e-commerce/allinone/product/613","https://webscraper.io/images/test-sites/e-commerce/items/cart2.png","2023-01-07 16:50:06.978022","scraping_test_ground"
"614","Asus ZenBook UX530UX-FY040T Blue","Asus ZenBook UX530UX-FY040T Blue, 15.6"" FHD, Core i7-7500U, 8GB, 512GB SSD, GeForce GTX950M 2GB, Windows 10 Home, Eng kbd",14,1,1239.2,"https://webscraper.io/test-sites/e-commerce/allinone/product/614","https://webscraper.io/images/test-sites/e-commerce/items/cart2.png","2023-01-07 16:50:06.978557","scraping_test_ground"
"526","ThinkPad X230","12.5"", Core i5 2.6GHz, 8GB, 180GB SSD, Win7 Pro 64bit",10,3,1244.99,"https://webscraper.io/test-sites/e-commerce/allinone/product/526","https://webscraper.io/images/test-sites/e-commerce/items/cart2.png","2023-01-07 16:50:06.979183","scraping_test_ground"
"615","Asus ROG Strix GL753VE-GC096T","Asus ROG Strix GL753VE-GC096T, 17.3"" FHD, Core i7-7700HQ, 8GB, 1TB + 128GB SSD, GeForce GTX 1050 Ti 4GB, Windows 10 Home, Eng kbd",7,4,1259,"https://webscraper.io/test-sites/e-commerce/allinone/product/615","https://webscraper.io/images/test-sites/e-commerce/items/cart2.png","2023-01-07 16:50:06.979817","scraping_test_ground"
"616","Apple MacBook Air 13""","Apple MacBook Air 13"", i5 1.8GHz, 8GB, 256GB SSD, Intel HD 6000, ENG",8,4,1260.13,"https://webscraper.io/test-sites/e-commerce/allinone/product/616","https://webscraper.io/images/test-sites/e-commerce/items/cart2.png","2023-01-07 16:50:06.980488","scraping_test_ground"
"617","Dell Latitude 5480","Dell Latitude 5480, 14"" FHD, Core i7-7600U, 8GB, 1TB, GeForce GT930MX, Windows 10 Pro",13,1,1271.06,"https://webscraper.io/test-sites/e-commerce/allinone/product/617","https://webscraper.io/images/test-sites/e-commerce/items/cart2.png","2023-01-07 16:50:06.981030","scraping_test_ground"
"618","Hewlett Packard Spectre 13-v106na Dark Ash Silver","Hewlett Packard Spectre 13-v106na Dark Ash Silver, 13.3"" FHD IPS, Core i5-7200U, 8GB, 256GB SSD, Windows 10 Home",8,3,1273.11,"https://webscraper.io/test-sites/e-commerce/allinone/product/618","https://webscraper.io/images/test-sites/e-commerce/items/cart2.png","2023-01-07 16:50:06.981621","scraping_test_ground"
"525","Dell XPS 13","13.3"" Touch, Core i5-4210U, 8GB, 128GB SSD, Windows 8.1",4,3,1281.99,"https://webscraper.io/test-sites/e-commerce/allinone/product/525","https://webscraper.io/images/test-sites/e-commerce/items/cart2.png","2023-01-07 16:50:06.982217","scraping_test_ground"
"619","Toshiba Portege Z30-C-16K Grey","Toshiba Portege Z30-C-16K Grey, 13.3"" FHD, Core i5-6200U, 8GB, 256GB SSD, 4G, Windows 10 Pro",6,1,1294.74,"https://webscraper.io/test-sites/e-commerce/allinone/product/619","https://webscraper.io/images/test-sites/e-commerce/items/cart2.png","2023-01-07 16:50:06.982754","scraping_test_ground"
"620","MSI GL62VR 7RFX","MSI GL62VR 7RFX, 15.6"" FHD, Core i7-7700HQ, 8GB, 1TB + 256GB SSD, GeForce GTX 1060 3GB, Windows 10 Home",1,3,1299,"https://webscraper.io/test-sites/e-commerce/allinone/product/620","https://webscraper.io/images/test-sites/e-commerce/items/cart2.png","2023-01-07 16:50:06.983351","scraping_test_ground"
"621","Dell Latitude 5480","Dell Latitude 5480, 14"" FHD, Core i7-7600U, 8GB, 256GB SSD, Windows 10 Pro",8,3,1310.39,"https://webscraper.io/test-sites/e-commerce/allinone/product/621","https://webscraper.io/images/test-sites/e-commerce/items/cart2.png","2023-01-07 16:50:06.984012","scraping_test_ground"
"520","ThinkPad X240","12.5"", Core i5-4300U, 8GB, 240GB SSD, Win7 Pro 64bit",12,3,1311.99,"https://webscraper.io/test-sites/e-commerce/allinone/product/520","https://webscraper.io/images/test-sites/e-commerce/items/cart2.png","2023-01-07 16:50:06.984601","scraping_test_ground"
"622","Hewlett Packard ProBook 640 G3","Hewlett Packard ProBook 640 G3, 14"" FHD, Core i7-7600U, 8GB, 256GB SSD, Windows 10 Pro",2,1,1326.83,"https://webscraper.io/test-sites/e-commerce/allinone/product/622","https://webscraper.io/images/test-sites/e-commerce/items/cart2.png","2023-01-07 16:50:06.985147","scraping_test_ground"
"623","Apple MacBook Pro 13"" Space Gray","Apple MacBook Pro 13"" Space Gray, Core i5 2.3GHz, 8GB, 128GB SSD, Iris Plus 640, ENG",0,1,1333,"https://webscraper.io/test-sites/e-commerce/allinone/product/623","https://webscraper.io/images/test-sites/e-commerce/items/cart2.png","2023-01-07 16:50:06.985687","scraping_test_ground"
"624","Dell Latitude 5580","Dell Latitude 5580, 15.6"" FHD, Core i7-7600U, 8GB, 256GB SSD, GeForce GT930MX, Windows 10 Pro",6,1,1337.28,"https://webscraper.io/test-sites/e-commerce/allinone/product/624","https://webscraper.io/images/test-sites/e-commerce/items/cart2.png","2023-01-07 16:50:06.986221","scraping_test_ground"
"625","Dell Latitude 5480","Dell Latitude 5480, 14"" FHD, Core i7-7600U, 8GB, 256GB SSD, Linux + Windows 10 Home",11,2,1338.37,"https://webscraper.io/test-sites/e-commerce/allinone/product/625","https://webscraper.io/images/test-sites/e-commerce/items/cart2.png","2023-01-07 16:50:06.986795","scraping_test_ground"
"626","Dell Latitude 5580","Dell Latitude 5580, 15.6"" FHD, Core i7-7600U, 16GB, 256GB SSD, GeForce GT930MX, Linux",3,3,1341.22,"https://webscraper.io/test-sites/e-commerce/allinone/product/626","https://webscraper.io/images/test-sites/e-commerce/items/cart2.png","2023-01-07 16:50:06.987461","scraping_test_ground"
"627","Apple MacBook Air 13""","Apple MacBook Air 13"", Intel Core i5 1.8GHz, 8GB, 256GB SSD, Intel HD 6000, RUS",11,2,1347.78,"https://webscraper.io/test-sites/e-commerce/allinone/product/627","https://webscraper.io/images/test-sites/e-commerce/items/cart2.png","2023-01-07 16:50:06.988039","scraping_test_ground"
"628","Lenovo ThinkPad T470","Lenovo ThinkPad T470, 14"" FHD IPS, Core i5-7200U, 8GB, 256GB SSD, Windows 10 Pro",5,1,1349.23,"https://webscraper.io/test-sites/e-commerce/allinone/product/628","https://webscraper.io/images/test-sites/e-commerce/items/cart2.png","2023-01-07 16:50:06.988583","scraping_test_ground"
"629","Lenovo ThinkPad Yoga 370 Black","Lenovo ThinkPad Yoga 370 Black, 13.3"" FHD IPS Touch, Core i5-7200U, 8GB, 256GB SSD, 4G, Windows 10 Pro",12,2,1362.24,"https://webscraper.io/test-sites/e-commerce/allinone/product/629","https://webscraper.io/images/test-sites/e-commerce/items/cart2.png","2023-01-07 16:50:06.989148","scraping_test_ground"
"630","Toshiba Portege X20W-D-10V Black/Blue","Toshiba Portege X20W-D-10V Black/Blue, 12.5"" FHD Touch, Core i7-7500U, 8GB, 512GB SSD, Windows 10 Pro",11,1,1366.32,"https://webscraper.io/test-sites/e-commerce/allinone/product/630","https://webscraper.io/images/test-sites/e-commerce/items/cart2.png","2023-01-07 16:50:06.989692","scraping_test_ground"
"631","Asus ASUSPRO B9440UA-GV0279R Gray","Asus ASUSPRO B9440UA-GV0279R Gray, 14"" FHD, Core i7-7500U, 16GB, 512GB SSD, Windows 10 Pro, Eng kbd",4,1,1381.13,"https://webscraper.io/test-sites/e-commerce/allinone/product/631","https://webscraper.io/images/test-sites/e-commerce/items/cart2.png","2023-01-07 16:50:06.990239","scraping_test_ground"
"541","Lenovo Legion Y720","Lenovo Legion Y720, 15.6"" FHD IPS, Core i7-7700HQ, 8GB, 128GB SSD + 2TB HDD, GeForce GTX 1060 6GB, DOS, RGB backlit keyboard",8,3,1399,"https://webscraper.io/test-sites/e-commerce/allinone/product/541","https://webscraper.io/images/test-sites/e-commerce/items/cart2.png","2023-01-07 16:50:06.990949","scraping_test_ground"
"632","Asus ROG Strix GL702VM-GC146T","Asus ROG Strix GL702VM-GC146T, 17.3"" FHD, Core i7-7700HQ, 8GB, 1TB + 128GB SSD, GeForce GTX 1060 3GB, Windows 10 Home, Eng kbd",10,3,1399,"https://webscraper.io/test-sites/e-commerce/allinone/product/632","https://webscraper.io/images/test-sites/e-commerce/items/cart2.png","2023-01-07 16:50:06.991560","scraping_test_ground"
"542","Asus ROG Strix GL702ZC-GC154T","Asus ROG Strix GL702ZC-GC154T, 17.3"" FHD, Ryzen 7 1700, 16GB, 256GB + 1TB HDD, Radeon RX 580 4GB, Windows 10 Home",7,4,1769,"https://webscraper.io/test-sites/e-commerce/allinone/product/542","https://webscraper.io/images/test-sites/e-commerce/items/cart2.png","2023-01-07 16:50:06.992208","scraping_test_ground"
"543","Asus ROG Strix GL702ZC-GC209T","Asus ROG Strix GL702ZC-GC209T, 17.3"" FHD IPS, Ryzen 7 1700, 16GB, 256GB SSD + 1TB HDD, Radeon RX 580 4GB, Windows 10 Home",8,1,1769,"https://webscraper.io/test-sites/e-commerce/allinone/product/543","https://webscraper.io/images/test-sites/e-commerce/items/cart2.png","2023-01-07 16:50:06.992754","scraping_test_ground"
"544","Asus ROG Strix SCAR Edition GL503VM-ED115T","Asus ROG Strix SCAR Edition GL503VM-ED115T, 15.6"" FHD 120Hz, Core i7-7700HQ, 16GB, 256GB SSD + 1TB SSHD, GeForce GTX 1060 6GB, Windows 10 Home",8,3,1799,"https://webscraper.io/test-sites/e-commerce/allinone/product/544","https://webscraper.io/images/test-sites/e-commerce/items/cart2.png","2023-01-07 16:50:06.993352","scraping_test_ground"
"495","Lenovo IdeaTab","7"" screen, Android",7,3,69.99,"https://webscraper.io/test-sites/e-commerce/allinone/product/495","https://webscraper.io/images/test-sites/e-commerce/items/cart2.png","2023-01-07 16:50:08.845737","scraping_test_ground"
"500","IdeaTab A3500L","Black, 7"" IPS, Quad-Core 1.2GHz, 8GB, Android 4.2",7,4,88.99,"https://webscraper.io/test-sites/e-commerce/allinone/product/500","https://webscraper.io/images/test-sites/e-commerce/items/cart2.png","2023-01-07 16:50:08.846937","scraping_test_ground"
"496","Acer Iconia","7"" screen, Android, 16GB",7,1,96.99,"https://webscraper.io/test-sites/e-commerce/allinone/product/496","https://webscraper.io/images/test-sites/e-commerce/items/cart2.png","2023-01-07 16:50:08.847943","scraping_test_ground"
"503","Galaxy Tab 3","7"", 8GB, Wi-Fi, Android 4.2, White",2,2,97.99,"https://webscraper.io/test-sites/e-commerce/allinone/product/503","https://webscraper.io/images/test-sites/e-commerce/items/cart2.png","2023-01-07 16:50:08.849100","scraping_test_ground"
"512","Iconia B1-730HD","Black, 7"", 1.6GHz Dual-Core, 8GB, Android 4.4",1,3,99.99,"https://webscraper.io/test-sites/e-commerce/allinone/product/512","https://webscraper.io/images/test-sites/e-commerce/items/cart2.png","2023-01-07 16:50:08.850192","scraping_test_ground"
"508","Memo Pad HD 7","IPS, Dual-Core 1.2GHz, 8GB, Android 4.3",10,2,101.99,"https://webscraper.io/test-sites/e-commerce/allinone/product/508","https://webscraper.io/images/test-sites/e-commerce/items/cart2.png","2023-01-07 16:50:08.851271","scraping_test_ground"
"497","Asus MeMO Pad","7"" screen, Android, 8GB",14,4,102.99,"https://webscraper.io/test-sites/e-commerce/allinone/product/497","https://webscraper.io/images/test-sites/e-commerce/items/cart2.png","2023-01-07 16:50:08.852102","scraping_test_ground"
"498","Amazon Kindle","6"" screen, wifi",3,4,103.99,"https://webscraper.io/test-sites/e-commerce/allinone/product/498","https://webscraper.io/images/test-sites/e-commerce/items/cart2.png","2023-01-07 16:50:08.852701","scraping_test_ground"
"507","Galaxy Tab 3","7"", 8GB, Wi-Fi, Android 4.2, Yellow",14,2,107.99,"https://webscraper.io/test-sites/e-commerce/allinone/product/507","https://webscraper.io/images/test-sites/e-commerce/items/cart2.png","2023-01-07 16:50:08.853301","scraping_test_ground"
"513","IdeaTab A8-50","Blue, 8"" IPS, Quad-Core 1.3GHz, 16GB, Android 4.2",13,2,121.99,"https://webscraper.io/test-sites/e-commerce/allinone/product/513","https://webscraper.io/images/test-sites/e-commerce/items/cart2.png","2023-01-07 16:50:08.853846","scraping_test_ground"
"505","MeMO Pad 7","White, 7"", Atom 1.2GHz, 8GB, Android 4.4",11,1,130.99,"https://webscraper.io/test-sites/e-commerce/allinone/product/505","https://webscraper.io/images/test-sites/e-commerce/items/cart2.png","2023-01-07 16:50:08.854367","scraping_test_ground"
"502","IdeaTab A3500-H","Blue, 7"" IPS, Quad-Core 1.3GHz, 8GB, 3G, Android 4.2",9,2,148.99,"https://webscraper.io/test-sites/e-commerce/allinone/product/502","https://webscraper.io/images/test-sites/e-commerce/items/cart2.png","2023-01-07 16:50:08.854920","scraping_test_ground"
"511","IdeaTab S5000","Silver, 7"" IPS, Quad-Core 1.2Ghz, 16GB, 3G, Android 4.2",8,3,172.99,"https://webscraper.io/test-sites/e-commerce/allinone/product/511","https://webscraper.io/images/test-sites/e-commerce/items/cart2.png","2023-01-07 16:50:08.855490","scraping_test_ground"
"506","Galaxy Tab 4","LTE (SM-T235), Quad-Core 1.2GHz, 8GB, Black",1,4,233.99,"https://webscraper.io/test-sites/e-commerce/allinone/product/506","https://webscraper.io/images/test-sites/e-commerce/items/cart2.png","2023-01-07 16:50:08.856087","scraping_test_ground"
"501","Galaxy Tab","16GB, White",14,3,251.99,"https://webscraper.io/test-sites/e-commerce/allinone/product/501","https://webscraper.io/images/test-sites/e-commerce/items/cart2.png","2023-01-07 16:50:08.856727","scraping_test_ground"
"510","MeMo PAD FHD 10","White, 10.1"" IPS, 1.6GHz, 2GB, 16GB, Android 4.2",7,2,320.99,"https://webscraper.io/test-sites/e-commerce/allinone/product/510","https://webscraper.io/images/test-sites/e-commerce/items/cart2.png","2023-01-07 16:50:08.857278","scraping_test_ground"
"514","Galaxy Note","10.1"", 3G, Android 4.0, Garnet Red",12,4,399.99,"https://webscraper.io/test-sites/e-commerce/allinone/product/514","https://webscraper.io/images/test-sites/e-commerce/items/cart2.png","2023-01-07 16:50:08.857878","scraping_test_ground"
"504","Galaxy Note","12.2"", 32GB, WiFi, Android 4.4, White",9,3,489.99,"https://webscraper.io/test-sites/e-commerce/allinone/product/504","https://webscraper.io/images/test-sites/e-commerce/items/cart2.png","2023-01-07 16:50:08.858452","scraping_test_ground"
"499","iPad Mini Retina","Wi-Fi + Cellular, 32GB, Silver",8,2,537.99,"https://webscraper.io/test-sites/e-commerce/allinone/product/499","https://webscraper.io/images/test-sites/e-commerce/items/cart2.png","2023-01-07 16:50:08.859002","scraping_test_ground"
"509","Galaxy Note 10.1","10.1"", 32GB, Black",6,2,587.99,"https://webscraper.io/test-sites/e-commerce/allinone/product/509","https://webscraper.io/images/test-sites/e-commerce/items/cart2.png","2023-01-07 16:50:08.859600","scraping_test_ground"
"515","Apple iPad Air","Wi-Fi, 64GB, Silver",7,3,603.99,"https://webscraper.io/test-sites/e-commerce/allinone/product/515","https://webscraper.io/images/test-sites/e-commerce/items/cart2.png","2023-01-07 16:50:08.860174","scraping_test_ground"
